Date,IWO,TLT,QQQ
10/29/2014,127.686172,103.026131,94.232361
10/30/2014,128.961349,103.112381,94.430649
10/31/2014,130.969223,102.845039,95.733528
11/3/2014,130.769379,102.845055,96.016754
11/4/2014,130.160339,103.164894,95.695778
11/5/2014,129.931915,103.017929,95.705208
11/6/2014,130.797882,102.352242,96.007324
11/7/2014,130.826447,103.528046,95.922356
11/10/2014,131.578262,102.577026,96.262222
11/11/2014,131.854156,102.64621,96.564346
11/12/2014,132.463226,102.559746,96.734299
11/13/2014,131.368866,102.801811,97.149704
11/14/2014,131.178574,103.303253,97.451828
11/17/2014,129.874832,103.043884,97.159149
11/18/2014,130.864532,103.329193,97.886108
11/19/2014,129.456146,102.672127,97.442368
11/20/2014,130.893082,103.208138,97.876671
11/21/2014,131.150009,103.830597,98.065506
11/24/2014,133.062744,103.917061,98.830231
11/25/2014,133.091309,104.781563,98.9813
11/26/2014,133.662247,105.066902,99.623283
11/28/2014,131.958862,105.896851,100.085915
12/1/2014,129.532272,105.27906,98.95298
12/2/2014,131.340302,104.256531,99.349495
12/3/2014,132.653534,104.66378,99.52887
12/4/2014,131.958862,105.539001,99.481689
12/5/2014,133.129364,104.923775,99.491112
12/8/2014,131.340302,106.206177,98.783028
12/9/2014,133.776459,106.752068,99.094574
12/10/2014,130.864532,107.531914,97.536789
12/11/2014,131.549683,107.973831,97.999405
12/12/2014,130.179352,109.43821,96.932549
12/15/2014,128.713913,109.212906,95.931786
12/16/2014,128.257141,110.564659,94.392876
12/17/2014,132.472763,109.568184,96.111176
12/18/2014,134.804153,107.618561,98.424271
12/19/2014,134.832703,109.065613,98.85733
12/22/2014,135.831909,109.212906,99.103699
12/23/2014,135.479752,107.046661,98.753098
12/24/2014,136.177216,107.629326,98.838394
12/26/2014,137.102615,108.028748,99.539612
12/29/2014,137.379318,108.836311,99.520683
12/30/2014,136.501556,109.131546,98.85733
12/31/2014,135.833771,109.339935,97.843361
1/2/2015,134.90834,110.555611,97.549591
1/5/2015,133.315155,112.29229,96.118668
1/6/2015,130.901489,114.315491,94.82988
1/7/2015,132.885788,114.089676,96.052338
1/8/2015,135.461685,112.578781,97.890755
1/9/2015,134.498138,113.811844,97.246361
1/12/2015,134.059311,114.463074,96.232384
1/13/2015,134.040192,114.463074,96.203949
1/14/2015,133.525009,115.331413,95.673294
1/15/2015,130.453049,117.14621,94.43187
1/16/2015,133.038483,115.652634,95.540611
1/20/2015,132.885788,117.189644,96.298691
1/21/2015,132.208481,115.835022,96.791481
1/22/2015,134.679382,115.418259,98.582504
1/23/2015,135.099167,117.024658,98.800484
1/26/2015,136.568344,116.668663,98.686745
1/27/2015,135.919617,116.85099,96.128136
1/28/2015,133.782578,118.76133,95.635368
1/29/2015,135.614319,117.979843,96.554604
1/30/2015,132.714096,120.072517,95.805939
2/2/2015,133.553619,119.619125,96.639862
2/3/2015,135.614319,117.087234,97.568535
2/4/2015,135.22319,117.287338,97.483269
2/5/2015,137.131241,115.999619,98.326668
2/6/2015,137.016724,113.946236,97.729652
2/9/2015,136.005432,113.763504,97.416901
2/10/2015,137.331512,112.858627,98.933167
2/11/2015,137.407913,113.067444,99.293236
2/12/2015,138.972443,112.693314,100.449356
2/13/2015,140.021942,111.536087,101.311707
2/17/2015,140.632492,109.856804,101.406471
2/18/2015,140.995056,110.509399,101.548622
2/19/2015,141.414764,109.778496,102.050865
2/20/2015,141.81543,110.100449,102.733154
2/23/2015,141.910843,111.362083,102.837395
2/24/2015,142.092163,112.823822,102.913216
2/25/2015,142.626373,113.311035,102.657341
2/26/2015,143.284698,111.762276,103.178551
2/27/2015,142.29248,112.702011,102.723694
3/2/2015,143.580399,110.602722,103.652382
3/3/2015,142.550064,110.201752,103.169067
3/4/2015,142.454681,110.236603,102.771049
3/5/2015,143.217865,110.097137,102.951118
3/6/2015,141.348038,107.664848,101.785515
3/9/2015,141.891785,108.658699,102.079277
3/10/2015,140.308105,110.088402,100.184036
3/11/2015,141.17627,110.890419,99.605972
3/12/2015,143.198822,110.811951,100.259834
3/13/2015,142.721802,110.47197,99.823906
3/16/2015,143.828476,111.535583,101.112694
3/17/2015,144.17189,112.459618,101.273804
3/18/2015,145.288101,114.630394,102.268806
3/19/2015,146.098999,114.04631,102.420441
3/20/2015,146.87178,114.64785,103.083405
3/23/2015,146.537872,114.508324,102.883972
3/24/2015,146.432953,115.615532,102.513542
3/25/2015,142.290253,114.639084,100.16748
3/26/2015,142.060806,112.851952,99.825531
3/27/2015,143.427704,114.255493,100.224457
3/30/2015,145.645309,113.68882,101.373749
3/31/2015,144.861526,113.932938,100.300446
4/1/2015,144.689453,115.429443,99.778061
4/2/2015,144.785034,114.206398,99.844559
4/6/2015,145.320328,113.568672,100.661385
4/7/2015,144.63208,114.520889,100.490395
4/8/2015,146.295303,114.555878,101.288246
4/9/2015,146.171005,113.070679,101.924622
4/10/2015,146.93573,113.236725,102.342552
4/13/2015,147.021774,113.393921,102.086113
4/14/2015,147.107773,114.197647,101.791672
4/15/2015,148.350403,114.10157,102.42804
4/16/2015,148.082779,113.533722,102.285568
4/17/2015,145.587936,114.835388,100.689888
4/20/2015,147.088654,113.822014,102.200073
4/21/2015,147.212906,113.306587,102.637001
4/22/2015,147.365829,111.576813,103.19738
4/23/2015,148.245255,112.05735,103.58683
4/24/2015,147.470978,112.75621,104.992531
4/27/2015,145.243835,112.75621,104.726585
4/28/2015,145.693115,111.201218,104.517639
4/29/2015,144.020309,109.838364,103.862282
4/30/2015,140.598282,110.03054,102.228569
5/1/2015,141.888763,108.549393,103.577316
5/4/2015,142.57695,107.525169,103.748268
5/5/2015,140.540939,107.376366,102.05761
5/6/2015,141.210098,105.53801,101.354744
5/7/2015,142.070358,106.956169,101.962631
5/8/2015,143.121796,107.245041,103.23539
5/11/2015,143.303406,104.636345,102.836456
5/12/2015,143.045334,104.907738,102.371056
5/13/2015,143.207825,104.067375,102.580009
5/14/2015,144.708557,104.347481,104.080719
5/15/2015,144.58429,106.439682,104.080719
5/18/2015,146.486496,104.653831,104.536606
5/19/2015,146.257065,103.725929,104.422638
5/20/2015,146.735001,103.901016,104.489151
5/21/2015,146.534256,105.354156,105.03051
5/22/2015,146.266632,105.397942,104.926056
5/26/2015,144.851944,107.201263,103.719803
5/27/2015,146.830597,107.446381,105.391457
5/28/2015,146.553345,107.183723,105.154015
5/29/2015,145.673981,107.420074,104.52713
6/1/2015,146.171005,106.265617,104.878548
6/2/2015,146.257065,104.782982,104.54612
6/3/2015,148.073212,103.098602,104.859573
6/4/2015,146.515121,104.440834,104.061714
6/5/2015,147.958511,103.168785,103.814781
6/8/2015,147.327621,103.054771,102.760468
6/9/2015,146.43866,102.238838,102.589516
6/10/2015,148.283524,101.344048,103.995232
6/11/2015,148.656311,103.475876,104.147202
6/12/2015,148.283524,103.475876,103.292366
6/15/2015,147.834213,103.642502,102.779488
6/16/2015,148.780548,104.458397,103.339874
6/17/2015,149.009949,103.651299,103.624817
6/18/2015,151.294449,103.142471,105.13501
6/19/2015,151.131958,104.467186,104.615219
6/22/2015,152.470184,102.335365,105.386337
6/23/2015,152.556229,101.72123,105.472023
6/24/2015,150.912125,102.598549,104.929398
6/25/2015,151.026855,102.238838,104.71994
6/26/2015,150.176132,101.089622,104.024979
6/29/2015,146.409988,103.765343,101.568825
6/30/2015,147.757767,103.045959,101.930588
7/1/2015,148.187943,101.65506,102.739777
7/2/2015,146.894897,101.989151,102.768356
7/6/2015,146.990692,103.879456,102.530357
7/7/2015,147.230118,104.8554,102.787392
7/8/2015,144.510025,105.761017,100.997627
7/9/2015,145.448654,103.677254,100.940506
7/10/2015,147.900558,102.033112,102.482727
7/13/2015,149.979019,101.716614,104.282013
7/14/2015,151.061264,102.05072,104.967476
7/15/2015,150.093887,103.132133,105.081711
7/16/2015,151.492233,103.844299,106.566795
7/17/2015,151.195358,104.380608,108.137619
7/20/2015,150.726044,103.941002,108.508896
7/21/2015,149.854462,104.503693,108.442284
7/22/2015,150.601547,105.154327,107.214188
7/23/2015,149.318115,106.464348,106.814331
7/24/2015,146.751251,106.728134,105.767136
7/27/2015,145.075134,107.299614,104.891319
7/28/2015,146.492661,106.517128,105.795708
7/29/2015,146.645874,106.121498,106.195541
7/30/2015,147.220551,106.93914,106.700089
7/31/2015,148.408188,107.730453,106.576332
8/3/2015,147.613235,108.864471,106.243149
8/4/2015,147.527023,108.000946,106.043213
8/5/2015,148.187943,107.190331,106.861931
8/6/2015,145.190079,108.14193,105.148338
8/7/2015,144.241837,109.560577,105.015053
8/10/2015,145.668945,108.203621,106.214577
8/11/2015,144.031128,109.921822,104.853218
8/12/2015,143.954514,109.322685,105.214981
8/13/2015,143.370255,108.970207,105.043617
8/14/2015,143.983215,109.225739,105.205437
8/17/2015,145.965881,109.71917,106.081291
8/18/2015,144.624985,108.855637,105.538651
8/19/2015,143.159546,109.930618,104.843704
8/20/2015,138.725021,111.040901,101.940109
8/21/2015,136.704086,111.37571,97.484749
8/24/2015,131.216003,111.340454,93.733864
8/25/2015,131.043655,109.551781,93.38163
8/26/2015,134.568268,107.437012,98.084503
8/27/2015,137.087234,107.498711,100.569221
8/28/2015,138.351471,107.815948,100.550194
8/31/2015,137.144684,106.987633,99.303062
9/1/2015,133.476364,107.75856,96.199554
9/2/2015,136.18692,106.831345,98.912758
9/3/2015,135.640945,107.352341,98.427238
9/4/2015,134.855637,108.33252,97.256279
9/8/2015,138.294052,106.734192,99.998016
9/9/2015,136.656235,107.246353,98.874664
9/10/2015,137.412857,106.52227,99.950424
9/11/2015,138.265289,107.19339,100.502571
9/14/2015,137.709808,107.361198,100.19796
9/15/2015,139.203918,105.303665,101.37841
9/16/2015,139.979706,104.906296,101.949631
9/17/2015,141.21524,106.186699,101.987701
9/18/2015,139.472107,107.820366,100.537125
9/21/2015,138.361069,106.063095,100.852066
9/22/2015,135.976196,107.537766,99.344254
9/23/2015,135.593063,107.528954,99.420609
9/24/2015,134.817261,108.261887,99.057953
9/25/2015,132.023911,107.325859,98.218178
9/28/2015,127.217926,109.162582,95.422005
9/29/2015,125.942154,109.471687,94.925766
9/30/2015,128.51297,109.091927,97.111153
10/1/2015,128.301926,109.557388,97.55014
10/2/2015,130.805618,110.221085,99.258385
10/5/2015,133.424438,108.725632,100.68029
10/6/2015,131.630585,109.194611,100.20314
10/7/2015,133.999985,108.831757,100.804359
10/8/2015,134.633102,107.920349,101.205162
10/9/2015,135.41011,108.203529,101.663239
10/12/2015,135.093567,109.026489,101.911354
10/13/2015,132.75296,109.212303,101.252876
10/14/2015,131.553833,110.167992,101.090645
10/15/2015,135.12233,109.628204,102.751167
10/16/2015,135.266205,109.663597,103.180611
10/19/2015,135.707489,109.362709,103.772263
10/20/2015,134.700256,108.690224,103.237862
10/21/2015,132.6474,109.769768,102.608002
10/22/2015,133.347672,109.955612,104.69796
10/23/2015,135.438904,109.017616,107.627701
10/26/2015,134.604294,109.743202,107.694511
10/27/2015,133.549118,110.017532,107.914001
10/28/2015,137.769897,109.575096,108.811058
10/29/2015,135.966492,107.831856,108.63929
10/30/2015,135.78418,108.645943,108.152588
11/2/2015,139.084106,108.146706,109.37413
11/3/2015,139.745987,107.259857,109.755829
11/4/2015,139.813126,107.38401,109.765381
11/5/2015,139.582916,107.10025,109.469536
11/6/2015,140.916306,105.530609,109.545876
11/9/2015,139.362274,104.936455,108.381622
11/10/2015,139.448624,105.246803,108.104851
11/11/2015,138.182404,105.025131,107.97126
11/12/2015,135.6595,105.530609,106.921509
11/13/2015,134.49881,106.133636,104.822014
11/16/2015,135.285355,106.036057,106.329842
11/17/2015,135.32373,106.213455,106.396637
11/18/2015,137.626007,106.435158,108.438866
11/19/2015,136.753082,107.144623,108.515221
11/20/2015,137.952179,106.816452,109.250046
11/23/2015,138.67157,107.144623,108.935135
11/24/2015,139.611679,107.135735,108.839684
11/25/2015,141.098587,107.38401,108.935135
11/27/2015,141.798843,107.277626,109.087807
11/30/2015,140.791626,107.7033,108.811058
12/1/2015,141.635742,109.158112,109.898979
12/2/2015,140.81076,109.193642,109.221413
12/3/2015,137.99057,106.225372,107.370049
12/4/2015,139.745987,107.158546,109.879883
12/7/2015,137.6548,108.198303,109.383652
12/8/2015,137.462921,108.251602,109.393196
12/9/2015,135.448486,108.13607,107.732689
12/10/2015,136.158325,108.278259,108.219406
12/11/2015,132.896774,109.984558,105.728615
12/14/2015,131.956741,108.562675,106.530251
12/15/2015,133.645035,107.922813,107.179176
12/16/2015,135.937744,107.691757,108.772881
12/17/2015,134.306961,108.909264,107.188728
12/18/2015,132.388443,109.51355,105.132599
12/21/2015,133.443588,109.486908,106.300415
12/22/2015,134.326141,108.695969,106.999207
12/23/2015,135.880127,107.878349,107.793686
12/24/2015,136.091812,108.496429,107.774551
12/28/2015,135.370178,108.816994,107.71711
12/29/2015,137.092407,107.009186,109.41143
12/30/2015,135.803177,106.902321,108.425446
12/31/2015,134.003983,107.383202,107.075775
1/4/2016,130.472992,108.157982,104.816719
1/5/2016,130.549957,107.721642,104.634834
1/6/2016,128.22168,109.173233,103.629753
1/7/2016,124.623352,109.369141,100.384743
1/8/2016,122.468208,109.85891,99.561531
1/11/2016,121.438728,108.656723,99.867844
1/12/2016,122.516289,110.224083,101.026085
1/13/2016,117.965477,111.31057,97.541763
1/14/2016,120.053276,110.268631,99.618942
1/15/2016,118.013588,111.987373,96.527092
1/19/2016,116.214409,111.640068,96.737686
1/20/2016,117.39782,112.815613,96.440941
1/21/2016,116.791687,112.049713,96.536667
1/22/2016,119.793503,111.622246,99.331772
1/25/2016,117.542152,112.227859,97.857658
1/26/2016,119.148872,112.281281,98.738297
1/27/2016,116.76281,112.25457,96.278221
1/28/2016,116.021996,112.414879,97.637474
1/29/2016,119.803139,113.367737,99.676384
2/1/2016,119.716522,113.020668,99.944405
2/2/2016,116.820549,115.117462,97.781075
2/3/2016,116.580025,114.162727,97.312027
2/4/2016,117.070702,114.715919,97.302444
2/5/2016,112.808502,114.849754,93.923416
2/8/2016,109.960648,117.321304,92.487595
2/9/2016,109.450722,117.446205,92.200417
2/10/2016,109.46035,118.481216,92.554573
2/11/2016,108.777229,119.311005,92.420578
2/12/2016,110.807297,117.330215,93.827682
2/16/2016,113.886078,116.089996,95.943199
2/17/2016,116.272156,115.376183,98.116089
2/18/2016,115.098351,116.794853,96.99614
2/19/2016,115.964279,116.893013,97.283318
2/22/2016,117.417068,116.830536,98.862732
2/23/2016,116.272156,117.303421,97.235458
2/24/2016,117.715324,117.07148,98.163933
2/25/2016,118.600471,117.490791,99.130753
2/26/2016,119.591461,116.357643,99.006325
2/29/2016,118.7929,116.86628,98.116089
3/1/2016,121.438728,114.808388,101.265388
3/2/2016,122.612511,115.282196,101.30368
3/3/2016,123.497673,115.702309,101.112221
3/4/2016,124.248123,114.960373,101.150513
3/7/2016,125.498878,114.924606,100.528313
3/8/2016,122.31424,116.194008,99.695541
3/9/2016,122.727959,115.487778,100.336853
3/10/2016,121.448364,115.014,100.183723
3/11/2016,124.161522,113.85186,101.935432
3/14/2016,124.171165,114.209465,102.107742
3/15/2016,121.746605,114.316742,102.06945
3/16/2016,122.448936,114.656425,102.978813
3/17/2016,123.978691,115.130203,102.921394
3/18/2016,125.431541,115.371529,103.082687
3/21/2016,125.296829,114.486595,103.485924
3/22/2016,125.45079,114.45974,103.802742
3/23/2016,122.845024,115.755997,102.948273
3/24/2016,123.192085,115.800652,102.977066
3/28/2016,123.355934,115.952667,102.833061
3/29/2016,127.221672,117.168388,104.484383
3/30/2016,127.240952,115.934731,104.993233
3/31/2016,127.8386,116.75721,104.8396
4/1/2016,128.821976,117.061729,105.953293
4/4/2016,128.156799,117.133392,105.550064
4/5/2016,126.614342,118.414383,104.532379
4/6/2016,128.812347,117.554436,106.2509
4/7/2016,126.961395,119.00563,104.724411
4/8/2016,127.115669,118.253159,104.647598
4/11/2016,126.151649,118.100853,104.26355
4/12/2016,127.250565,117.285637,105.137222
4/13/2016,130.325821,117.697746,106.481339
4/14/2016,130.239075,117.133392,106.490936
4/15/2016,130.528229,118.136673,106.222107
4/18/2016,131.71402,117.626091,106.788551
4/19/2016,131.154877,117.258827,106.135735
4/20/2016,131.694717,115.968864,106.222107
4/21/2016,131.338058,115.279121,106.231728
4/22/2016,132.523773,114.983498,104.62838
4/25/2016,131.492249,114.508736,104.62838
4/26/2016,132.514145,113.989182,104.119545
4/27/2016,132.706955,115.126831,103.284286
4/28/2016,130.817459,115.601585,102.036201
4/29/2016,129.246124,115.897224,101.498558
5/2/2016,130.557159,114.730377,102.458649
5/3/2016,128.349564,116.175446,101.508179
5/4/2016,126.701096,116.812744,100.855309
5/5/2016,126.161247,117.593651,100.8265
5/6/2016,126.479362,117.091034,101.364143
5/9/2016,127.4627,117.459023,101.652161
5/10/2016,128.580963,117.467995,103.044289
5/11/2016,126.652901,118.132217,102.112999
5/12/2016,125.756348,117.593651,101.661781
5/13/2016,125.187592,118.733612,101.287338
5/16/2016,126.971016,117.710342,102.554649
5/17/2016,125.071899,117.907822,101.268143
5/18/2016,125.679253,116.22934,101.632973
5/19/2016,124.83091,116.731972,101.104935
5/20/2016,127.038506,116.821701,102.218628
5/23/2016,127.163818,117.082016,102.084221
5/24/2016,130.055893,116.561485,104.129158
5/25/2016,130.624695,116.12159,104.878006
5/26/2016,130.518616,116.723007,105.185219
5/27/2016,132.147842,116.552422,105.732475
5/31/2016,132.822601,116.830711,105.934059
6/1/2016,133.931213,117.304733,105.94371
6/2/2016,135.367645,118.150177,106.164505
6/3/2016,134.37468,119.832123,105.665276
6/6/2016,135.859283,118.941704,106.049301
6/7/2016,136.225555,119.2295,105.780472
6/8/2016,137.13179,119.868134,105.962898
6/9/2016,135.97493,120.641579,105.790085
6/10/2016,133.825226,121.226234,104.589989
6/13/2016,132.244171,121.765938,103.716339
6/14/2016,132.099609,121.67601,103.716339
6/15/2016,132.340607,122.143715,103.418716
6/16/2016,132.311707,122.737274,103.725937
6/17/2016,131.087387,121.972771,102.510124
6/20/2016,132.67804,120.668587,103.155083
6/21/2016,132.12851,120.110939,103.482368
6/22/2016,131.675446,120.308807,103.232117
6/23/2016,134.326538,118.932716,104.70491
6/24/2016,128.976166,122.125664,100.392349
6/27/2016,125.02372,125.17482,98.399712
6/28/2016,127.048141,125.4356,100.556007
6/29/2016,129.988373,124.473236,102.336861
6/30/2016,132.244171,124.931953,103.520882
7/1/2016,132.784088,126.666588,104.040703
7/5/2016,131.116318,128.252457,103.405388
7/6/2016,132.280975,128.459717,104.252495
7/7/2016,132.74527,128.450699,104.560539
7/8/2016,135.772995,129.396835,106.177734
7/11/2016,137.146591,128.261475,106.784203
7/12/2016,138.703949,126.152946,107.323273
7/13/2016,137.814026,127.639732,107.063347
7/14/2016,137.843079,125.783463,107.794937
7/15/2016,138.220276,124.70224,107.621681
7/18/2016,138.413773,124.585007,108.33403
7/19/2016,137.62059,125.287857,107.939339
7/20/2016,139.071564,124.603111,109.200386
7/21/2016,138.307312,124.855377,108.950104
7/22/2016,139.506821,125.071632,109.402542
7/25/2016,139.361755,124.981468,109.41217
7/26/2016,139.92276,125.179764,109.537308
7/27/2016,140.599915,126.738632,110.297791
7/28/2016,140.55159,126.504326,110.682838
7/29/2016,140.725662,127.558701,110.9235
8/1/2016,141.248001,126.175682,111.510674
8/2/2016,139.168274,124.875671,110.663551
8/3/2016,140.067856,124.947937,111.029381
8/4/2016,140.232361,125.886765,111.347038
8/5/2016,141.925125,124.577759,112.415558
8/8/2016,141.625259,124.812477,112.290421
8/9/2016,142.002502,126.040192,112.550323
8/10/2016,140.919098,126.527641,112.261543
8/11/2016,141.615601,125.399284,112.742859
8/12/2016,141.886444,126.455475,112.819862
8/15/2016,143.26004,125.263863,113.301163
8/16/2016,141.954163,124.929871,112.675476
8/17/2016,141.286682,125.6791,112.877625
8/18/2016,142.263702,125.877815,112.906494
8/19/2016,142.205658,125.218781,112.877625
8/22/2016,142.718307,126.274986,112.964256
8/23/2016,143.763046,126.410355,113.166412
8/24/2016,142.312073,126.112457,112.434807
8/25/2016,142.38945,125.634003,112.251923
8/26/2016,142.312073,124.902771,112.415558
8/29/2016,142.979492,126.572853,112.569588
8/30/2016,143.21167,126.085373,112.203781
8/31/2016,142.254044,126.2659,112.088264
9/1/2016,142.757034,126.405212,112.377052
9/2/2016,144.043564,125.374207,112.742859
9/6/2016,144.507889,126.287598,113.445587
9/7/2016,145.233368,126.197136,113.512962
9/8/2016,144.778732,124.614502,112.848732
9/9/2016,140.203339,122.561539,110.009003
9/12/2016,142.331421,122.624855,111.982384
9/13/2016,139.777725,121.232132,110.981247
9/14/2016,140.271042,121.413055,111.510674
9/15/2016,142.244354,120.888428,113.243431
9/16/2016,141.712326,121.865234,113.189384
9/19/2016,142.805405,121.4673,112.697212
9/20/2016,142.408813,121.892319,112.909538
9/21/2016,144.2854,122.878128,114.01931
9/22/2016,146.287766,123.854836,114.926437
9/23/2016,145.165649,123.737274,114.193016
9/26/2016,143.709366,124.524078,113.237633
9/27/2016,144.678314,125.437492,114.357071
9/28/2016,145.259674,125.166183,114.550072
9/29/2016,142.847,125.482712,113.720154
9/30/2016,144.271332,124.361244,114.569389
10/3/2016,143.951614,123.950851,114.405342
10/4/2016,143.341202,122.501244,114.231621
10/5/2016,144.067932,121.930435,114.63694
10/6/2016,143.932266,121.250923,114.579048
10/7/2016,142.701706,121.33252,114.328117
10/10/2016,144.368225,120.61676,115.051903
10/11/2016,141.267731,120.344955,113.411331
10/12/2016,140.880112,120.462715,113.314827
10/13/2016,139.84343,120.915741,112.909538
10/14/2016,139.010132,119.221527,113.044609
10/17/2016,138.719482,119.982544,112.735817
10/18/2016,139.378372,120.372108,113.739441
10/19/2016,139.669006,120.471786,113.729782
10/20/2016,139.291138,120.598663,113.594681
10/21/2016,139.349289,120.779846,114.01931
10/24/2016,140.279404,120.254333,115.389664
10/25/2016,138.82608,120.571457,115.022934
10/26/2016,137.188583,119.756004,114.241264
10/27/2016,135.279816,118.451424,113.720154
10/28/2016,135.07637,118.188683,113.006012
10/31/2016,135.522049,118.913483,112.899864
11/1/2016,133.952423,118.922539,112.050629
11/2/2016,132.072693,119.440002,111.153137
11/3/2016,131.016647,118.523163,110.062653
11/4/2016,132.072693,119.58519,109.676628
11/7/2016,135.270157,118.56852,112.282234
11/8/2016,135.783661,118.087448,113.015663
11/9/2016,139.920959,113.076714,113.536774
11/10/2016,141.665009,111.406509,111.703201
11/11/2016,144.9496,110.780159,111.75148
11/14/2016,146.557968,110.11747,110.622368
11/15/2016,146.877731,110.662163,112.156769
11/16/2016,146.742081,111.660652,112.822662
11/17/2016,147.778824,110.017654,113.64296
11/18/2016,148.331116,109.699944,113.218315
11/21/2016,149.05777,109.972275,114.395683
11/22/2016,149.832916,109.935959,114.743103
11/23/2016,150.879379,109.509293,114.279861
11/25/2016,151.576981,109.672707,114.646591
11/28/2016,149.290329,110.480606,114.386009
11/29/2016,149.1353,110.943581,114.781685
11/30/2016,147.575363,109.146255,113.392021
12/1/2016,145.734406,107.993782,111.433006
12/2/2016,145.879761,108.785156,111.654984
12/5/2016,148.369888,108.666893,112.523499
12/6/2016,149.939499,108.584999,112.793709
12/7/2016,151.063431,109.512772,114.221962
12/8/2016,153.359772,108.221191,114.424622
12/9/2016,153.301666,106.875008,115.322121
12/12/2016,151.673843,107.075134,114.80101
12/13/2016,151.761078,107.457123,116.24855
12/14/2016,150.017014,106.256516,116.007286
12/15/2016,151.208786,106.793167,116.190636
12/16/2016,150.985947,106.547554,115.759941
12/19/2016,151.761078,107.693642,116.234207
12/20/2016,152.642792,107.15699,116.679428
12/21/2016,151.73201,107.629982,116.592331
12/22/2016,150.009399,107.437546,116.263252
12/23/2016,151.244003,107.656387,116.340683
12/27/2016,151.934204,107.309883,116.940773
12/28/2016,150.009399,108.094124,116.03096
12/29/2016,150.31073,108.47715,115.866409
12/30/2016,149.649673,108.641319,114.675896
1/3/2017,150.32045,109.106422,115.701859
1/4/2017,153.061874,109.525909,116.330994
1/5/2017,151.749481,111.240417,116.989182
1/6/2017,151.253754,110.219017,118.015137
1/9/2017,151.166214,111.103592,118.402283
1/10/2017,152.400803,111.030663,118.663612
1/11/2017,152.313309,111.404526,118.983017
1/12/2017,151.652298,111.158356,118.799118
1/13/2017,153.042419,110.629372,119.205627
1/17/2017,150.719055,111.787575,118.847511
1/18/2017,151.282883,110.35582,119.0895
1/19/2017,149.960785,109.598885,119.03141
1/20/2017,150.621826,109.37999,119.292725
1/23/2017,150.038513,110.474319,119.389542
1/24/2017,152.167511,109.717415,120.192886
1/25/2017,153.693756,108.340378,121.40274
1/26/2017,152.779953,108.705139,121.528564
1/27/2017,152.420273,109.097305,121.760895
1/30/2017,150.612106,108.768982,120.812332
1/31/2017,151.88562,109.525909,120.570358
2/1/2017,152.011963,108.848709,121.40274
2/2/2017,151.45787,108.802994,121.296265
2/3/2017,153.722931,108.757332,121.644722
2/6/2017,152.585541,109.415337,121.789917
2/7/2017,152.118881,110.219597,122.235153
2/8/2017,152.25499,111.718422,122.4384
2/9/2017,154.539536,110.42981,122.883636
2/10/2017,155.618561,110.365829,123.290131
2/13/2017,155.764389,110.018532,123.987022
2/14/2017,156.114349,109.223442,124.403229
2/15/2017,157.280899,108.720757,125.138824
2/16/2017,156.687897,109.314819,125.100105
2/17/2017,157.096222,109.963684,125.642113
2/21/2017,158.078079,109.771759,126.261574
2/22/2017,157.300354,109.954575,126.309967
2/23/2017,155.987991,110.283554,125.835693
2/24/2017,156.328232,111.508247,126.077667
2/27/2017,158.165573,110.85022,126.232536
2/28/2017,155.783859,111.261505,125.845367
3/1/2017,158.496048,109.397156,127.219803
3/2/2017,157.242035,109.003372,126.580963
3/3/2017,157.144821,109.287254,126.813286
3/6/2017,156.075485,108.76532,126.53257
3/7/2017,155.045044,108.435677,126.319626
3/8/2017,154.549225,107.849594,126.542274
3/9/2017,154.257599,106.988884,126.639038
3/10/2017,155.268616,107.364334,127.171387
3/13/2017,155.686615,106.686707,127.384331
3/14/2017,154.733917,107.199471,127.074562
3/15/2017,157.2323,108.508911,127.858582
3/16/2017,157.310089,107.959496,127.7715
3/17/2017,157.728104,108.637123,127.726875
3/20/2017,157.611481,109.104118,127.843224
3/21/2017,153.285461,110.010628,125.903465
3/22/2017,153.528503,110.450195,126.756958
3/23/2017,154.160355,110.294487,126.436905
3/24/2017,154.513,110.688232,126.698761
3/27/2017,155.126663,111.191895,126.902428
3/28/2017,155.818329,110.450195,127.678368
3/29/2017,156.490433,111.109474,128.27002
3/30/2017,157.026199,110.212105,128.483398
3/31/2017,157.474319,110.532585,128.396149
4/3/2017,155.759872,111.647484,128.318512
4/4/2017,155.331268,111.041878,128.522141
4/5/2017,153.597351,111.381371,127.998459
4/6/2017,154.814957,111.216209,128.066299
4/7/2017,154.892883,110.766586,127.998459
4/10/2017,155.272797,111.280464,128.046951
4/11/2017,156.276123,112.335739,127.494087
4/12/2017,154.464325,112.950546,126.980042
4/13/2017,153.334366,113.29921,126.475677
4/17/2017,155.029282,112.950546,127.523186
4/18/2017,155.165649,114.427917,127.329208
4/19/2017,156.12027,113.803932,127.532906
4/20/2017,157.980835,113.363449,128.599792
4/21/2017,157.386627,113.363449,128.570679
4/24/2017,159.41275,112.803696,130.122543
4/25/2017,161.0103,111.44561,131.063339
4/26/2017,161.633713,112.060425,130.879074
4/27/2017,162.227936,112.023712,131.664688
4/28/2017,160.445328,112.271492,131.897461
5/1/2017,161.516846,111.338142,133.07106
5/2/2017,160.747299,111.908287,133.294128
5/3/2017,159.685501,111.981827,132.867371
5/4/2017,159.558868,111.430107,132.915863
5/5/2017,160.747299,111.531273,133.400803
5/8/2017,159.63681,110.924355,133.691803
5/9/2017,160.133621,110.915169,134.157349
5/10/2017,161.302551,110.78643,134.234924
5/11/2017,160.425858,110.78643,134.128235
5/12/2017,159.802414,111.623222,134.428925
5/15/2017,161.039536,111.319771,134.855652
5/16/2017,161.331772,111.733566,135.418213
5/17/2017,156.84111,113.361145,131.975037
5/18/2017,157.386627,113.489891,133.129242
5/19/2017,158.000305,113.756538,133.691803
5/22/2017,159.276413,113.443924,134.816864
5/23/2017,159.344574,112.680664,134.952652
5/24/2017,159.919312,113.315178,135.573395
5/25/2017,160.279724,113.351944,136.727615
5/26/2017,160.162842,113.545059,136.970062
5/30/2017,159.071838,114.105988,137.086441
5/31/2017,159.101059,114.391022,137.037979
6/1/2017,162.296127,114.40303,137.571396
6/2/2017,163.708588,115.757591,139.142639
6/5/2017,162.607834,115.038811,139.113556
6/6/2017,162.666306,115.665443,138.56073
6/7/2017,162.734467,115.112579,139.103867
6/8/2017,164.604736,114.808456,139.249359
6/9/2017,163.893661,114.633369,135.76738
6/12/2017,163.494247,114.596497,135.039932
6/13/2017,164.556076,114.614975,136.135956
6/14/2017,163.844955,116.384216,135.544327
6/15/2017,162.900101,116.199921,134.942963
6/16/2017,162.559128,116.430267,134.357483
6/19/2017,164.517105,116.26442,136.604065
6/20/2017,163.202057,117.30574,135.534302
6/21/2017,163.659882,117.54528,136.876373
6/22/2017,164.556076,117.803291,136.837494
6/23/2017,165.890594,117.748016,137.362671
6/26/2017,165.686035,118.190308,136.720795
6/27/2017,163.348145,116.927879,134.240753
6/28/2017,166.16333,116.540886,136.176178
6/29/2017,164.468399,115.564087,133.812881
6/30/2017,164.400208,115.296875,133.861511
7/3/2017,165.033401,114.925636,132.451324
7/5/2017,164.935959,114.953369,133.754532
7/6/2017,162.770493,114.002258,132.548523
7/7/2017,164.840302,113.318939,133.978195
7/10/2017,164.313065,113.485153,134.8535
7/11/2017,165.162476,113.679062,135.232788
7/12/2017,166.636673,114.463974,136.837494
7/13/2017,166.578125,113.743713,137.138992
7/14/2017,167.00769,113.882217,138.218506
7/17/2017,167.095566,114.196182,138.286591
7/18/2017,166.861252,115.19342,139.21051
7/19/2017,168.481949,115.239594,140.027451
7/20/2017,168.569778,115.572021,140.212219
7/21/2017,167.876617,116.061447,140.153885
7/24/2017,168.657639,115.608978,140.795792
7/25/2017,169.497284,114.103828,140.435944
7/26/2017,169.048218,114.288513,140.892975
7/27/2017,167.25177,113.725258,140.007996
7/28/2017,166.792953,114.399323,139.891296
7/31/2017,166.031403,114.537849,139.298035
8/1/2017,166.24617,115.342003,139.618988
8/2/2017,164.254517,115.406784,139.99826
8/3/2017,163.668701,116.60054,139.453644
8/4/2017,164.108047,115.610367,139.706497
8/7/2017,165.025787,115.739922,140.591522
8/8/2017,164.303314,115.323494,140.348404
8/9/2017,163.092697,115.952759,140.16362
8/10/2017,159.773224,116.942947,137.158447
8/11/2017,160.817917,116.998505,138.199051
8/14/2017,163.209839,116.396965,139.978821
8/15/2017,162.038284,115.906487,140.076065
8/16/2017,162.223801,116.332184,140.319199
8/17/2017,159.333878,117.202065,137.450211
8/18/2017,159.187439,117.174294,137.352936
8/21/2017,159.167908,117.461182,137.177856
8/22/2017,161.081528,117.007721,139.268875
8/23/2017,160.524994,117.803589,138.772842
8/24/2017,161.081528,117.368622,138.364426
8/25/2017,160.993622,117.82209,138.072632
8/28/2017,162.321396,117.748055,138.500565
8/29/2017,162.682632,118.127464,139.045197
8/30/2017,163.932327,118.090439,140.679031
8/31/2017,165.933762,118.442101,142.186508
9/1/2017,166.66597,117.536118,141.991974
9/5/2017,165.552994,119.399994,140.717957
9/6/2017,165.67012,118.667419,141.145889
9/7/2017,165.592026,119.882225,141.476547
9/8/2017,165.660355,119.622574,140.251144
9/11/2017,167.017471,118.194496,141.865555
9/12/2017,167.749695,117.573196,142.205948
9/13/2017,167.896149,117.109566,142.400467
9/14/2017,167.788757,117.591766,141.564056
9/15/2017,168.306168,117.638115,142.050323
9/18/2017,169.809723,116.961189,141.864197
9/19/2017,169.555893,116.673714,142.107834
9/20/2017,169.917084,116.757172,141.669235
9/21/2017,169.799957,116.692307,140.801804
9/22/2017,170.297852,117.026085,140.665314
9/25/2017,169.887787,117.75869,139.183853
9/26/2017,170.109756,117.54538,139.544464
9/27/2017,173.845032,115.774254,140.801804
9/28/2017,174.35347,115.431137,140.753067
9/29/2017,174.989014,115.690765,141.766678
10/2/2017,177.208694,115.47892,141.893417
10/3/2017,177.648666,115.590439,142.195587
10/4/2017,177.531326,115.599731,142.332016
10/5/2017,177.687805,115.163002,143.72583
10/6/2017,177.91272,114.837791,143.920746
10/9/2017,176.885971,115.200188,143.755066
10/10/2017,176.993561,115.386024,143.862289
10/11/2017,177.022903,115.609001,144.291122
10/12/2017,176.954437,116.101494,144.027954
10/13/2017,176.45578,116.937752,144.583557
10/16/2017,176.240662,116.854118,145.080612
10/17/2017,175.839752,117.0028,145.265808
10/18/2017,176.719788,116.23156,145.090363
10/19/2017,176.348206,116.435982,144.554306
10/20/2017,177.374893,115.200188,144.944183
10/23/2017,176.250443,115.404587,143.998734
10/24/2017,176.553543,114.689125,144.242371
10/25/2017,175.634399,114.140915,143.696579
10/26/2017,176.054855,113.759941,143.23848
10/27/2017,177.541138,114.512573,147.41008
10/30/2017,175.761536,115.609001,147.741516
10/31/2017,177.570465,115.646179,148.297043
11/1/2017,176.093994,116.161095,148.248322
11/2/2017,176.113556,116.673241,147.965668
11/3/2017,176.778442,116.989838,149.388702
11/6/2017,176.846863,117.42749,149.895538
11/7/2017,174.861923,117.920975,149.983231
11/8/2017,175.70285,117.660248,150.587555
11/9/2017,174.646805,117.325043,149.79805
11/10/2017,174.71524,115.555855,149.788284
11/13/2017,174.627274,115.797958,149.97348
11/14/2017,174.148132,116.580116,149.427673
11/15/2017,173.199631,117.846497,148.725906
11/16/2017,176.397079,116.82222,150.626511
11/17/2017,176.856659,117.688194,150.051453
11/20/2017,178.196274,117.641632,149.934494
11/21/2017,180.386551,118.014091,151.56221
11/22/2017,179.985687,118.395866,151.747421
11/24/2017,180.533264,118.069962,152.302963
11/27/2017,179.67276,117.902382,152.234741
11/28/2017,182.254181,118.060646,152.624619
11/29/2017,181.687057,116.896706,149.963745
11/30/2017,182.625778,116.505638,151.221069
12/1/2017,181.618622,118.077827,150.577789
12/4/2017,180.02478,118.133797,148.842865
12/5/2017,178.724289,118.721603,148.940353
12/6/2017,177.942047,119.132187,149.612839
12/7/2017,179.897659,118.199135,150.119705
12/8/2017,180.239883,118.20845,150.782501
12/11/2017,180.093231,117.965866,151.952072
12/12/2017,179.183853,117.919182,151.747421
12/13/2017,180.787476,118.805603,152.039825
12/14/2017,178.900314,119.309464,151.932602
12/15/2017,181.462143,119.757309,153.657761
12/18/2017,183.672012,118.665657,154.94603
12/19/2017,182.684433,117.126106,154.027954
12/20/2017,183.143982,115.82917,153.861908
12/21/2017,183.817169,116.50428,153.881439
12/22/2017,183.562408,116.6632,153.705643
12/26/2017,183.689804,117.009178,152.875443
12/27/2017,183.6996,118.533272,152.894958
12/28/2017,184.414886,118.430397,153.080521
12/29/2017,182.945099,118.617409,152.133148
1/2/2018,184.72847,117.336449,154.799576
1/3/2018,185.326202,117.897438,156.30368
1/4/2018,185.747528,117.878746,156.577194
1/5/2018,186.345276,117.542168,158.149673
1/8/2018,186.217926,117.467323,158.76503
1/9/2018,186.42366,115.896492,158.77478
1/10/2018,186.100296,115.756248,158.40361
1/11/2018,189.235977,116.233093,159.487778
1/12/2018,189.980682,116.429451,160.659851
1/16/2018,187.511337,116.915688,160.20079
1/17/2018,189.275162,116.756714,161.929535
1/18/2018,188.403046,115.672066,161.958893
1/19/2018,191.03894,115.064308,162.466751
1/22/2018,192.361832,115.176498,164.205338
1/23/2018,193.292664,115.672066,165.562943
1/24/2018,191.891449,115.045593,164.488556
1/25/2018,192.352005,115.98999,164.429977
1/26/2018,193.75322,115.559891,166.949875
1/29/2018,192.949738,114.75576,166.139236
1/30/2018,190.95076,114.082542,164.77182
1/31/2018,189.853302,114.75576,165.455521
2/1/2018,190.646988,113.092651,164.049057
2/2/2018,186.698044,112.043213,160.777039
2/5/2018,179.505676,113.10202,154.438156
2/6/2018,182.01416,112.399269,158.530579
2/7/2018,182.161163,111.331139,156.479507
2/8/2018,176.242645,111.209335,149.876877
2/9/2018,177.771271,110.50663,152.46521
2/12/2018,179.731079,110.993835,155.170685
2/13/2018,180.250381,111.49041,155.971603
2/14/2018,183.94458,110.253609,158.891983
2/15/2018,186.227707,110.628372,161.84166
2/16/2018,186.58049,111.228065,161.118927
2/20/2018,185.639771,110.740845,161.441208
2/21/2018,185.816162,109.382225,160.982162
2/22/2018,185.669159,109.71019,160.962631
2/23/2018,188.011078,110.684624,164.25415
2/26/2018,189.510315,110.722122,166.43222
2/27/2018,187.227203,110.562805,164.371353
2/28/2018,184.630493,111.265556,163.316528
3/1/2018,183.601593,112.025078,160.650085
3/2/2018,187.256607,111.11438,162.124924
3/5/2018,188.628403,110.813934,163.922058
3/6/2018,190.842957,110.917213,164.61554
3/7/2018,192.822357,110.795158,164.996429
3/8/2018,193.116318,111.433609,165.9048
3/9/2018,196.173553,110.701286,169.127945
3/12/2018,196.555725,111.339691,170.02655
3/13/2018,195.438644,111.903038,167.711746
3/14/2018,194.919312,112.888824,167.682388
3/15/2018,193.606262,112.888824,167.535934
3/16/2018,194.223572,112.485123,167.037766
3/19/2018,192.322617,112.128365,163.473846
3/20/2018,192.881119,111.677719,164.011902
3/21/2018,193.939392,111.799759,163.29776
3/22/2018,189.56633,112.907623,159.267151
3/23/2018,185.415024,112.823105,155.070221
3/26/2018,189.723343,112.391235,160.832397
3/27/2018,185.532776,113.592964,155.627884
3/28/2018,184.620056,113.893425,153.837601
3/29/2018,187.02449,114.447334,156.655106
4/2/2018,182.05864,114.673134,152.135345
4/3/2018,184.286423,113.788727,153.847382
4/4/2018,187.004883,113.553505,156.273575
4/5/2018,188.182541,112.706726,157.163788
4/6/2018,184.482666,113.93927,153.231049
4/9/2018,185.169678,114.127457,154.307129
4/10/2018,188.702682,113.920456,157.711655
4/11/2018,189.19339,114.32502,156.801834
4/12/2018,190.734192,113.487663,158.689941
4/13/2018,189.478012,113.751091,157.868164
4/16/2018,191.058029,113.788727,159.071503
4/17/2018,193.88446,114.099236,162.49556
4/18/2018,194.394791,113.186592,162.828125
4/19/2018,192.539963,112.264496,161.33136
4/20/2018,191.175827,111.45536,158.77803
4/23/2018,190.439758,111.483589,158.376892
4/24/2018,188.555511,110.975525,155.021347
4/25/2018,188.015717,110.232269,155.207214
4/26/2018,189.271896,111.003738,158.474731
4/27/2018,188.918579,111.859955,158.572556
4/30/2018,187.436707,112.057564,157.447525
5/1/2018,188.506424,111.653961,159.247589
5/2/2018,189.39949,111.531387,158.308441
5/3/2018,188.261047,112.031128,158.288864
5/4/2018,190.488831,112.200874,161.292252
5/7/2018,192.402557,112.021698,162.632507
5/8/2018,193.295639,111.917984,162.466187
5/9/2018,194.434067,111.248459,164.236923
5/10/2018,195.680389,112.144272,165.939148
5/11/2018,196.200562,112.427185,165.782639
5/14/2018,195.405624,111.833122,166.06636
5/15/2018,195.238785,110.560135,164.227127
5/16/2018,197.348755,110.135803,165.313019
5/17/2018,198.016113,109.579498,164.677139
5/18/2018,198.506836,110.5224,163.826035
5/21/2018,199.301773,110.578987,164.745636
5/22/2018,197.319351,110.409271,164.530411
5/23/2018,197.65303,111.210785,165.919601
5/24/2018,197.88858,112.097122,165.870651
5/25/2018,197.751129,112.794907,166.036972
5/29/2018,197.603943,115.265427,165.303268
5/30/2018,200.597198,114.49218,166.487
5/31/2018,199.105469,114.303635,166.379379
6/1/2018,200.960327,113.699692,168.99147
6/4/2018,201.637497,112.877426,170.517593
6/5/2018,203.237137,113.142059,171.045898
6/6/2018,204.925156,112.225273,172.043747
6/7/2018,202.864273,113.312172,170.644775
6/8/2018,204.022278,112.971947,170.654541
6/11/2018,204.738693,112.764015,171.114395
6/12/2018,206.573868,112.792343,172.014389
6/13/2018,206.171539,112.735641,172.004623
6/14/2018,207.731949,113.671326,173.746033
6/15/2018,207.888962,113.775291,173.13942
6/18/2018,208.850754,113.671326,173.039429
6/19/2018,208.575943,114.332924,172.54924
6/20/2018,210.371887,113.331116,173.774734
6/21/2018,207.830063,113.926529,172.264923
6/22/2018,206.230423,113.917038,171.882599
6/25/2018,201.9319,114.172241,168.010025
6/26/2018,203.580643,114.332924,168.696304
6/27/2018,199.458771,115.410385,166.402176
6/28/2018,200.499084,115.438744,167.833527
6/29/2018,200.528503,115.041779,168.284515
7/2/2018,202.47168,114.951782,169.411972
7/3/2018,203.085983,115.56749,167.451202
7/5/2018,205.602188,115.899055,169.529617
7/6/2018,207.538467,116.277954,172.16687
7/9/2018,208.590195,115.529633,173.715897
7/10/2018,207.341919,115.520149,173.843369
7/11/2018,206.083817,115.965332,172.960999
7/12/2018,207.941483,115.955887,175.941406
7/13/2018,207.597473,116.249557,176.088455
7/16/2018,206.349197,115.766449,175.666885
7/17/2018,208.206863,115.548553,176.735504
7/18/2018,208.668823,115.084373,176.402191
7/19/2018,210.025208,115.81382,175.519852
7/20/2018,209.189774,114.392891,175.480621
7/23/2018,209.445297,112.981445,176.039429
7/24/2018,206.113297,113.369827,176.764923
7/25/2018,207.656433,113.189842,179.235519
7/26/2018,208.658966,112.971992,176.519836
7/27/2018,203.774002,113.161446,174.137482
7/30/2018,201.257797,112.773041,171.676712
7/31/2018,204.000076,113.388786,172.990402
8/1/2018,204.196625,112.465004,173.647247
8/2/2018,206.093628,112.626381,176.01001
8/3/2018,204.766724,113.186592,176.54924
8/6/2018,206.594925,113.253021,177.58847
8/7/2018,207.273117,112.664398,178.235519
8/8/2018,206.703049,112.778328,178.451202
8/9/2018,207.420563,113.727699,178.343353
8/10/2018,207.312424,114.553688,176.980637
8/13/2018,205.906891,114.316322,176.784546
8/14/2018,207.990616,114.060013,177.892395
8/15/2018,205.032135,114.724564,175.715897
8/16/2018,206.752167,114.71508,176.294357
8/17/2018,207.656433,114.857491,176.333542
8/20/2018,208.167557,115.626503,176.176697
8/21/2018,210.634628,115.237206,176.823761
8/22/2018,211.578186,115.692963,177.51001
8/23/2018,211.529083,115.873344,177.255127
8/24/2018,212.954254,116.101196,178.902176
8/27/2018,213.799545,115.43663,180.725723
8/28/2018,214.123901,114.743553,180.990417
8/29/2018,215.165771,114.89547,183.078659
8/30/2018,215.264053,115.142296,182.755142
8/31/2018,216.561478,114.876472,182.990433
9/4/2018,216.128998,114.212296,182.206131
9/5/2018,214.802094,113.907806,179.85318
9/6/2018,213.003403,114.326508,178.245331
9/7/2018,213.170517,113.355942,177.559021
9/10/2018,214.035431,113.77462,178.157089
9/11/2018,214.467911,112.908707,179.529663
9/12/2018,213.858521,113.175117,179.000229
9/13/2018,213.868362,113.346413,180.912003
9/14/2018,214.939697,112.804047,180.382599
9/17/2018,211.302979,112.804047,177.784515
9/18/2018,212.914932,111.624138,179.255142
9/19/2018,211.588013,110.958076,179.117874
9/20/2018,213.612778,111.471886,181.098267
9/21/2018,211.902573,111.424339,180.108078
9/24/2018,212.167953,111.138863,180.608963
9/25/2018,213.042725,111.024673,180.854492
9/26/2018,211.185501,111.804955,180.982208
9/27/2018,211.106735,111.881065,182.514359
9/28/2018,211.687424,111.586052,182.475052
10/1/2018,208.390274,110.766891,182.848282
10/2/2018,205.289948,111.443993,182.435791
10/3/2018,207.051697,109.508072,182.632233
10/4/2018,203.252594,108.735603,179.1259
10/5/2018,200.969208,107.801025,176.935699
10/8/2018,199.414139,107.438644,175.855331
10/9/2018,197.967316,108.52581,176.424988
10/10/2018,191.195816,108.230164,168.665924
10/11/2018,188.164413,109.546242,166.573944
10/12/2018,189.434067,109.164764,171.209732
10/15/2018,189.798248,109.117073,169.13739
10/16/2018,196.313828,109.365021,174.057999
10/17/2018,195.565781,108.716522,174.126709
10/18/2018,191.825729,108.678383,170.090057
10/19/2018,188.705734,108.439957,169.932907
10/22/2018,188.794327,108.296936,170.807037
10/23/2018,187.298309,108.640236,170.178467
10/24/2018,179.217819,109.460396,162.389938
10/25/2018,183.499176,109.002625,168.007889
10/26/2018,181.235428,109.66066,163.686401
10/29/2018,179.296555,109.412712,160.317581
10/30/2018,183.194092,108.869141,162.959595
10/31/2018,184.926331,108.315987,166.790024
11/1/2018,189.965546,108.416374,168.990036
11/2/2018,190.428146,107.068436,166.35788
11/5/2018,189.247086,107.489075,165.945374
11/6/2018,190.300201,107.42218,167.202515
11/7/2018,194.493011,107.565559,172.44725
11/8/2018,194.187881,107.555992,171.347244
11/9/2018,189.571884,108.359009,168.459686
11/12/2018,184.690109,109.066444,163.362289
11/13/2018,183.784607,108.999519,163.499786
11/14/2018,182.583847,109.066444,162.252426
11/15/2018,185.841644,109.018646,165.090866
11/16/2018,186.323929,109.64959,164.511414
11/19/2018,180.782684,109.955505,159.168457
11/20/2018,177.465897,109.993721,156.32019
11/21/2018,180.27092,109.955505,157.508606
11/23/2018,180.65477,110.070213,156.369308
11/26/2018,183.509018,109.821632,159.983688
11/27/2018,181.540573,109.94593,160.523865
11/28/2018,187.150665,109.410591,165.689987
11/29/2018,186.658554,109.840775,165.149811
11/30/2018,187.751038,110.251846,166.348053
12/3/2018,190.063995,111.03466,169.255249
12/4/2018,181.501221,112.893562,162.763168
12/6/2018,181.235428,113.2481,163.912277
12/7/2018,176.452118,113.458885,158.500626
12/10/2018,176.727722,113.928391,160.160446
12/11/2018,176.46199,113.909248,160.690826
12/12/2018,178.459976,113.401413,162.105118
12/13/2018,175.743469,113.133118,162.154236
12/14/2018,172.800644,113.525963,158.205963
12/17/2018,168.4198,114.187103,154.621094
12/18/2018,168.488815,114.870956,155.593414
12/19/2018,165.036972,116.388481,151.772812
12/20/2018,161.506256,115.965874,149.572784
12/21/2018,156.545486,115.946678,144.937042
12/24/2018,154.178513,116.522949,141.34285
12/26/2018,162.778519,115.274353,150.168182
12/27/2018,163.528046,115.293579,150.749298
12/28/2018,163.902817,116.263634,150.670502
12/31/2018,165.687912,116.70546,151.941101
1/2/2019,166.210617,117.320137,152.551788
1/3/2019,161.999374,118.655159,147.567871
1/4/2019,168.686035,117.281731,153.8815
1/7/2019,172.690186,116.935944,155.713531
1/8/2019,175.362885,116.628586,157.12204
1/9/2019,176.931,116.446106,158.402512
1/10/2019,178.124344,115.69696,158.855576
1/11/2019,178.124344,116.148361,158.274429
1/14/2019,176.043381,115.716179,156.875809
1/15/2019,178.114517,115.293579,159.939041
1/16/2019,178.794998,115.408821,159.9095
1/17/2019,180.767456,115.437607,161.170258
1/18/2019,182.976639,114.832535,162.7659
1/22/2019,179.386719,115.610504,159.505661
1/23/2019,178.706238,115.562492,159.712494
1/24/2019,179.998199,116.32122,160.746704
1/25/2019,182.552567,115.764183,162.667404
1/28/2019,181.063339,115.648941,160.658066
1/29/2019,180.451889,116.234818,159.141205
1/30/2019,182.897751,116.148361,163.189438
1/31/2019,184.860367,117.147255,165.632172
2/1/2019,185.195663,116.439713,164.932816
2/4/2019,187.454193,115.919899,166.981567
2/5/2019,187.848663,116.449318,168.459015
2/6/2019,187.631683,116.507088,167.95668
2/7/2019,185.481705,117.277206,165.70108
2/8/2019,186.083282,117.777771,166.026138
2/11/2019,187.730286,117.315697,165.868546
2/12/2019,190.81723,117.017281,168.321121
2/13/2019,191.241302,116.574478,168.439316
2/14/2019,191.971115,117.238686,168.646149
2/15/2019,195.097519,117.4216,169.355331
2/19/2019,195.383514,117.720001,169.690231
2/20/2019,196.004837,117.383095,169.660675
2/21/2019,195.156693,116.333832,169.040131
2/22/2019,197.365829,117.026924,170.291061
2/25/2019,197.977325,116.680397,170.911575
2/26/2019,196.507813,117.257957,171.088852
2/27/2019,197.326401,115.929535,170.98053
2/28/2019,196.783966,115.534843,170.586548
3/1/2019,199.269272,114.466957,171.768509
3/4/2019,196.695206,115.364098,171.798065
3/5/2019,196.034424,115.605263,171.926117
3/6/2019,191.86264,116.029716,170.951004
3/7/2019,190.629852,116.782127,168.852997
3/8/2019,190.560822,117.274139,168.596924
3/11/2019,194.249359,116.926865,172.103409
3/12/2019,194.515594,117.746834,173.048981
3/13/2019,195.265182,117.524948,174.349121
3/14/2019,194.40712,116.676048,174.053635
3/15/2019,195.117233,117.447762,175.668961
3/18/2019,196.409195,117.380257,176.087372
3/19/2019,196.063995,117.119804,176.679428
3/20/2019,194.711731,118.344902,177.38002
3/21/2019,197.823242,118.605354,180.152832
3/22/2019,189.851837,120.447868,176.195892
3/25/2019,190.829742,120.640808,175.860413
3/26/2019,192.479355,120.553993,176.679428
3/27/2019,190.977905,121.663353,175.544632
3/28/2019,192.884354,122.087791,175.949203
3/29/2019,194.257385,121.972061,177.281342
4/1/2019,195.610611,120.239548,179.629837
4/2/2019,195.551376,120.461906,180.310699
4/3/2019,197.003403,119.417778,181.346802
4/4/2019,197.092285,119.756134,181.277725
4/5/2019,199.038223,119.91082,182.215134
4/8/2019,198.465302,119.485451,182.67894
4/9/2019,196.153915,119.862518,182.037506
4/10/2019,198.949341,120.152557,183.014404
4/11/2019,198.425827,119.446785,182.580231
4/12/2019,198.741898,118.596008,183.369659
4/15/2019,198.327011,118.895721,183.399246
4/16/2019,198.63324,118.151283,184.030777
4/17/2019,195.650146,118.199638,184.67218
4/18/2019,195.640244,118.818382,184.909012
4/22/2019,195.610611,118.247963,185.431976
4/23/2019,199.018478,118.499344,187.790344
4/24/2019,199.55188,119.466118,187.198303
4/25/2019,198.307266,119.292114,187.958084
4/26/2019,200.500153,119.698151,188.125809
4/29/2019,201.389145,118.934402,188.490936
4/30/2019,199.996384,119.543488,187.030533
5/1/2019,197.862762,120.036606,186.428589
5/2/2019,199.087616,119.465012,185.619461
5/3/2019,203.236282,119.8041,188.579758
5/6/2019,203.621536,120.133484,187.425217
5/7/2019,199.107361,121.053856,183.774231
5/8/2019,198.119598,120.530701,183.310455
5/9/2019,197.398529,121.02478,182.323685
5/10/2019,197.349106,120.860092,182.550644
5/13/2019,190.730972,121.809532,176.215622
5/14/2019,193.299194,121.45108,178.149704
5/15/2019,194.385773,122.197044,180.665924
5/16/2019,195.778549,121.790169,182.481552
5/17/2019,192.933746,122.061417,180.616577
5/20/2019,191.452042,121.809532,177.56749
5/21/2019,194.662354,121.615776,179.422592
5/22/2019,193.052261,122.313309,178.623322
5/23/2019,189.209778,123.689041,175.890015
5/24/2019,190.819885,123.795616,175.801208
5/28/2019,189.970398,124.68692,175.140076
5/29/2019,187.728149,125.064758,173.699402
5/30/2019,187.94545,126.140167,174.429596
5/31/2019,185.278427,127.719337,171.646942
6/3/2019,184.932678,128.573624,167.867676
6/4/2019,190.246948,127.107742,172.594238
6/5/2019,190.543274,126.38929,173.877014
6/6/2019,189.891357,126.797058,175.258484
6/7/2019,191.768127,127.894089,178.643066
6/10/2019,193.131287,126.690269,180.725113
6/11/2019,192.173141,126.76796,180.971817
6/12/2019,192.59787,126.865013,179.925842
6/13/2019,194.948792,127.301865,180.991577
6/14/2019,193.032501,127.622269,180.221893
6/17/2019,195.313156,127.845512,181.307343
6/18/2019,197.410736,128.486252,183.941971
6/19/2019,198.390259,128.670685,184.632706
6/20/2019,199.547897,129.010483,186.349686
6/21/2019,198.954239,127.593094,186.073364
6/24/2019,194.828308,128.544525,186.079315
6/25/2019,193.393677,128.942551,182.885025
6/26/2019,192.87915,128.117355,183.735504
6/27/2019,197.104004,129.020218,184.437653
6/28/2019,198.746475,128.932831,184.675003
7/1/2019,200.200928,128.631317,187.167145
7/2/2019,199.072998,129.623444,187.908844
7/3/2019,200.745102,130.547546,189.323044
7/5/2019,200.695633,128.816086,188.937347
7/8/2019,198.805817,128.991196,187.612198
7/9/2019,199.389603,128.942551,188.551682
7/10/2019,200.052505,128.232498,190.430649
7/11/2019,199.023483,126.520493,190.292191
7/12/2019,200.438385,126.66642,191.389908
7/15/2019,200.052505,127.395943,192.003082
7/16/2019,199.765564,127.016617,191.01413
7/17/2019,198.687088,128.388123,190.074631
7/18/2019,199.815033,128.397827,190.292191
7/19/2019,198.410049,128.096313,188.897781
7/22/2019,198.439728,128.339508,190.40097
7/23/2019,199.300537,127.639122,191.647064
7/24/2019,202.437042,128.193558,192.99202
7/25/2019,199.824951,127.580795,191.162445
7/26/2019,202.35788,127.882332,193.130447
7/29/2019,201.121109,127.921173,192.467865
7/30/2019,202.911942,128.232498,191.637177
7/31/2019,201.33876,129.263519,188.986816
8/1/2019,199.607254,131.83075,188.047318
8/2/2019,197.064423,133.049072,185.278244
8/5/2019,191.019012,135.349243,178.731445
8/6/2019,193.185883,136.431107,181.23349
8/7/2019,193.532166,136.479843,182.212555
8/8/2019,197.47998,136.772263,186.178207
8/9/2019,194.996536,136.499344,184.427795
8/12/2019,192.443787,139.345322,182.311432
8/13/2019,194.917389,138.867737,186.306763
8/14/2019,189.732758,141.996353,180.739029
8/15/2019,188.8423,143.575287,180.531326
8/16/2019,192.799973,142.42514,183.42894
8/19/2019,194.363297,140.388199,186.346313
8/20/2019,193.314514,141.840408,184.902466
8/21/2019,195.026215,140.894958,186.544113
8/22/2019,194.333618,139.959335,185.940842
8/23/2019,188.50589,142.259521,180.056671
8/26/2019,190.652939,141.684479,182.776245
8/27/2019,187.932007,143.867645,182.390533
8/28/2019,189.940536,144.052856,183.043243
8/29/2019,193.077042,143.507034,185.841949
8/30/2019,192.641678,143.546021,185.396942
9/3/2019,189.327103,143.731552,183.597061
9/4/2019,190.751862,143.946365,186.247437
9/5/2019,193.700378,141.339432,189.659271
9/6/2019,192.770309,142.345093,189.471375
9/9/2019,193.383759,139.816315,189.075806
9/10/2019,195.233994,137.365631,188.531906
9/11/2019,199.201599,137.121521,190.302078
9/12/2019,199.359894,136.223297,191.093231
9/13/2019,199.528107,133.313675,190.410873
9/16/2019,200.003021,135.012573,189.560379
9/17/2019,200.121765,135.744843,190.470215
9/18/2019,199.043289,136.320862,190.391098
9/19/2019,198.103317,136.731003,190.707565
9/20/2019,197.707565,138.537231,188.690109
9/23/2019,197.133698,138.507965,188.773346
9/24/2019,193.544922,140.177536,186.266281
9/25/2019,195.081543,138.127197,188.357162
9/26/2019,192.682449,139.015686,187.663498
9/27/2019,190.36264,139.357376,185.334808
9/30/2019,191.066498,139.699158,187.098663
10/1/2019,187.160522,140.11972,185.572617
10/2/2019,185.87175,140.462021,182.381821
10/3/2019,187.071274,141.743332,184.383514
10/4/2019,188.984634,142.789871,187.098663
10/7/2019,188.479034,141.606384,186.533829
10/8/2019,185.01915,141.987839,183.739395
10/9/2019,186.149323,141.185822,185.532974
10/10/2019,186.585526,139.082932,186.969833
10/11/2019,190.184174,137.361511,189.377823
10/14/2019,189.470398,138.359161,189.358002
10/15/2019,192.117371,136.686661,191.765961
10/16/2019,191.839767,136.852905,191.290314
10/17/2019,194.397507,136.52037,191.795715
10/18/2019,192.979858,136.52037,189.952576
10/21/2019,194.675079,135.493393,191.637161
10/22/2019,194.110031,136.285645,190.111115
10/23/2019,193.951385,136.422546,190.477753
10/24/2019,194.228973,136.148712,192.330795
10/25/2019,195.329407,135.483597,193.86676
10/28/2019,197.272476,134.251221,195.779266
10/29/2019,197.976349,134.339279,194.263123
10/30/2019,197.797913,136.305176,195.204544
10/31/2019,196.7966,138.144012,195.293701
11/1/2019,200.157349,137.71875,197.06749
11/4/2019,200.28624,135.906143,198.286331
11/5/2019,200.861221,134.37767,198.395325
11/6/2019,199.582367,135.190918,197.949402
11/7/2019,200.137543,132.741455,198.613327
11/8/2019,201.039688,132.182968,199.406097
11/11/2019,200.940521,132.271149,199.13855
11/12/2019,201.148727,132.878632,199.713272
11/13/2019,200.732346,133.740829,199.762817
11/14/2019,200.772003,135.12233,199.604263
11/15/2019,202.060806,134.975342,201.070862
11/18/2019,201.842697,135.220291,201.229416
11/19/2019,203.240509,136.347061,201.526703
11/20/2019,202.843964,137.757935,200.317749
11/21/2019,201.713806,136.895737,199.871841
11/22/2019,202.179733,137.072113,200.000656
11/25/2019,207.235733,137.473831,202.369003
11/26/2019,207.939606,138.277237,202.755478
11/27/2019,209.585266,137.875534,204.172485
11/29/2019,208.1577,137.581589,203.241013
12/2/2019,205.748672,135.747208,201.160049
12/3/2019,205.758575,138.593506,199.584473
12/4/2019,207.285294,137.209625,200.59523
12/5/2019,207.116745,136.542206,200.991577
12/6/2019,209.317612,135.786484,203.141922
12/9/2019,208.474945,136.080902,202.220367
12/10/2019,208.6633,136.090714,202.05188
12/11/2019,208.544357,137.160522,203.122101
12/12/2019,209.813278,134.903168,204.638229
12/13/2019,209.109406,136.463684,205.312073
12/16/2019,210.821548,135.236832,207.373215
12/17/2019,211.219025,135.050369,207.492142
12/18/2019,211.497269,133.941284,207.650696
12/19/2019,212.331955,134.155609,208.948822
12/20/2019,213.395218,134.332565,209.791122
12/23/2019,214.279602,134.135956,210.34523
12/24/2019,214.826126,134.519333,210.454483
12/26/2019,214.826126,134.843735,212.311554
12/27/2019,213.474701,134.99118,212.132797
12/30/2019,212.500885,134.499695,210.742493
12/31/2019,212.868546,133.182404,211.139709
1/2/2020,213.216354,134.686478,214.665176
1/3/2020,212.153091,136.760666,212.698853
1/6/2020,212.908295,135.98407,214.069321
1/7/2020,212.530701,135.315582,214.03952
1/8/2020,213.792694,134.421036,215.6483
1/9/2020,214.567764,134.892914,217.475616
1/10/2020,213.901993,136.092178,216.919464
1/13/2020,215.402466,135.679337,219.422043
1/14/2020,216.545212,136.377304,218.55806
1/15/2020,218.065552,137.281677,218.64743
1/16/2020,221.18576,136.849121,220.742844
1/17/2020,220.360992,135.679337,221.835236
1/21/2020,218.820786,137.104736,221.735931
1/22/2020,219.089066,137.586441,222.321838
1/23/2020,219.049316,138.549789,223.03688
1/24/2020,216.08812,139.670486,221.159943
1/27/2020,214.070923,141.842987,216.591766
1/28/2020,216.326599,140.732178,219.918579
1/29/2020,215.432297,142.108398,220.276093
1/30/2020,214.995056,142.128067,221.060638
1/31/2020,210.652634,143.425674,217.555054
2/3/2020,213.415115,143.309479,220.842148
2/4/2020,217.280548,141.379547,225.896957
2/5/2020,219.854218,139.833588,226.641769
2/6/2020,219.983398,140.463791,228.598145
2/7/2020,217.429581,142.216492,227.61499
2/10/2020,219.46666,142.610397,230.365829
2/11/2020,220.678955,141.891556,230.405533
2/12/2020,222.258926,141.172729,232.649933
2/13/2020,223.024078,141.71431,232.352005
2/14/2020,222.408005,142.334656,233.017365
2/18/2020,222.328506,143.309479,233.106735
2/19/2020,223.828979,143.299637,235.341187
2/20/2020,223.719666,144.42218,233.156387
2/21/2020,220.788284,145.771194,228.677582
2/24/2020,213.99144,147.947296,219.858994
2/25/2020,206.489059,148.735031,213.880615
2/26/2020,204.690475,147.947296,214.982941
2/27/2020,197.645187,149.552338,204.217911
2/28/2020,195.787018,152.929764,204.376816
3/2/2020,200.526901,151.804611,214.92337
3/3/2020,196.502441,154.161469,208.031357
3/4/2020,202.971375,152.524475,216.710922
3/5/2020,196.82045,156.32106,210.12677
3/6/2020,193.143784,164.45665,206.581467
3/9/2020,176.380203,168.91391,192.2314
3/10/2020,181.318848,160.255753,202.698502
3/11/2020,169.603241,154.358673,193.86998
3/12/2020,150.78273,155.315201,176.093765
3/13/2020,159.706085,151.804611,191.009903
3/16/2020,139.414886,161.636322,168.129227
3/17/2020,145.545959,150.857925,180.880417
3/18/2020,134.724686,142.347641,175.378754
3/19/2020,141.481796,146.223099,176.431427
3/20/2020,137.656067,157.218445,169.519562
3/23/2020,137.636185,163.697327,169.641953
3/24/2020,150.911896,160.650177,182.778595
3/25/2020,152.14566,160.285309,181.425125
3/26/2020,160.858765,161.074203,190.97905
3/27/2020,154.744659,165.373734,184.410736
3/30/2020,158.638168,164.012863,191.118393
3/31/2020,157.502991,162.68161,189.486252
4/1/2020,146.798325,164.960861,181.435074
4/2/2020,148.700256,166.007706,185.11731
4/3/2020,144.995941,166.402664,182.48999
4/6/2020,156.367783,165.968155,195.537079
4/7/2020,156.108902,164.230087,195.457458
4/8/2020,162.99971,163.035141,199.607452
4/9/2020,169.332886,163.331406,199.896057
4/13/2020,165.837692,161.840195,202.055634
4/14/2020,170.657272,161.800705,210.843262
4/15/2020,164.363937,166.086685,208.424911
4/16/2020,164.42366,167.972885,212.226593
4/17/2020,171.185043,165.721283,214.25679
4/20/2020,170.04985,167.054489,211.719055
4/21/2020,165.439392,169.157959,203.906723
4/22/2020,168.357025,167.429764,209.957535
4/23/2020,170.209167,168.318542,209.509689
4/24/2020,173.574921,168.713531,212.813766
4/27/2020,179.410217,165.573166,214.525513
4/28/2020,180.704727,167.479126,210.485001
4/29/2020,188.611252,166.610062,217.94899
4/30/2020,181.571075,164.664642,217.859436
5/1/2020,174.839569,166.074677,211.719055
5/4/2020,176.492569,165.293518,214.187149
5/5/2020,179.400253,164.235458,216.615433
5/6/2020,179.78862,161.585373,217.94899
5/7/2020,182.128693,164.284882,220.755493
5/8/2020,187.993851,162.149002,223.780884
5/11/2020,189.427795,160.883316,225.781235
5/12/2020,183.512833,162.534637,221.054031
5/13/2020,178.374603,163.671814,218.287369
5/14/2020,178.902374,165.273727,220.765427
5/15/2020,182.586761,164.848511,222.198517
5/18/2020,191.508987,161.229385,226.338516
5/19/2020,188.332443,161.832565,225.771271
5/20/2020,193.410919,162.317108,230.279541
5/21/2020,193.570236,162.722519,227.771637
5/22/2020,195.044006,163.701462,228.557861
5/26/2020,198.618881,161.506271,227.940811
5/27/2020,203.26918,161.209595,229.184814
5/28/2020,198.967377,160.616302,228.886261
5/29/2020,198.549164,161.763367,232.240097
6/1/2020,201.008743,160.67424,232.936722
6/2/2020,202.442673,160.090088,234.499191
6/3/2020,205.449951,157.961349,235.554108
6/4/2020,203.856689,155.67424,233.902069
6/5/2020,209.921005,154.565308,238.539719
6/8/2020,212.768936,155.159378,240.390778
6/9/2020,209.811447,156.921738,242.132385
6/10/2020,206.43576,159.248474,245.038376
